id,first_name
1,Cindie
2,Lorrin
3,Viva
4,Dodi
5,Hastings
6,Inglis
7,Ora
8,Nannie
9,Dawn
10,Tad
11,Dulcy
12,Simona
13,Connie
14,Devora
15,Salaidh
16,Frederik
17,Gennie
18,Renault
19,Heidie
20,Sib
21,Curtice
22,Emiline
23,Dru
24,Page
25,Leigha
26,Maryjo
27,Dottie
28,Katherina
29,Lita
30,Sidoney
31,Trip
32,Daron
33,Retha
34,Joann
35,Gifford
36,Osmund
37,Andree
38,Tallulah
39,Mitzi
40,Gabbie
41,Tedda
42,Reinaldos
43,Tera
44,Bobbee
45,Astra
46,Maude
47,Andria
48,Chrystal
49,Danita
50,Veronike
51,Stepha
52,Curtis
53,Maggee
54,Cthrine
55,Archie
56,Konstantin
57,Livvy
58,Florida
59,Michal
60,Brody
61,Immanuel
62,Celestyna
63,Glendon
64,Ester
65,Jarrod
66,Caye
67,Carroll
68,Kain
69,Hermione
70,Yves
71,Corrinne
72,Blake
73,Salome
74,Melania
75,Odele
76,Loretta
77,Barney
78,Angelique
79,Bella
80,Raffaello
81,Alexa
82,Cristionna
83,Tobe
84,Johnna
85,Denyse
86,Julienne
87,Taylor
88,Saundra
89,Bertine
90,Coraline
91,Nicolais
92,Garrott
93,Mora
94,Dela
95,Bobbe
96,Marchelle
97,Leigh
98,Jermain
99,Ervin
100,Phil
101,Giavani
102,Taddeo
103,Clarinda
104,Jaquith
105,Johan
106,Dominik
107,Nigel
108,Leona
109,Bette
110,Patty
111,Artair
112,Mordecai
113,Amata
114,Bonita
115,Selle
116,George
117,Mel
118,Joyan
119,Reinhard
120,Odelle
121,Ernesta
122,Maury
123,Maighdiln
124,Der
125,Saudra
126,Aindrea
127,Dinny
128,Dorene
129,Hedwig
130,Nanny
131,Annmaria
132,Jonah
133,Kalie
134,Derrick
135,Rodolph
136,Care
137,Juan
138,Erek
139,Katha
140,Darnall
141,Shayna
142,Carline
143,Garwood
144,Reamonn
145,Rip
146,Pier
147,Corry
148,Hillary
149,Seth
150,Izaak
151,Tabbi
152,Penn
153,Hilario
154,Hersch
155,Dani
156,Gareth
157,Susanna
158,Josepha
159,Deerdre
160,Milzie
161,Becka
162,Davis
163,Kile
164,Karlotte
165,Ferne
166,Charmion
167,Allyce
168,Micaela
169,Aldo
170,Gail
171,Kimmi
172,Carver
173,Walton
174,Suzanna
175,Vickie
176,Gabbie
177,Osmond
178,Jerrilee
179,Ulysses
180,Raynell
181,Dolly
182,Suzanne
183,Alysa
184,Georgie
185,Barb
186,Merridie
187,Hartwell
188,Lilia
189,Trace
190,Amity
191,Kimberlyn
192,Hali
193,De witt
194,Shannah
195,Luisa
196,Jordan
197,Cherie
198,Shepard
199,Julio
200,Annette
201,Nilson
202,Clayson
203,Patti
204,Danila
205,Neron
206,Walsh
207,Glenna
208,Nefen
209,Ebba
210,Cy
211,Karina
212,Gusella
213,Ronny
214,Fenelia
215,Luca
216,Martelle
217,Aldo
218,Andie
219,Frederico
220,Brody
221,Dalenna
222,Melisandra
223,Richardo
224,Allister
225,Merrilee
226,Ddene
227,Hoyt
228,Lauryn
229,Paola
230,Marie-jeanne
231,Willem
232,Tades
233,Lacee
234,Calida
235,Lenore
236,Ursala
237,Dwayne
238,Talbert
239,Gilbert
240,Milissent
241,Carin
242,Koralle
243,Romain
244,Sloan
245,Marilyn
246,Justinian
247,Eleonore
248,Correna
249,Raquela
250,Cullan
251,Aliza
252,Adrianna
253,Langsdon
254,Kip
255,Hortense
256,Brittne
257,Devan
258,Abbie
259,Megan
260,Amelia
261,Rolf
262,Katey
263,Rhianon
264,Eleanora
265,Ahmed
266,Mady
267,Warner
268,Carley
269,Uriel
270,Tamma
271,Osborn
272,Aksel
273,Constantino
274,Jayme
275,Gerome
276,Devinne
277,Lorin
278,Benetta
279,Lorita
280,Elissa
281,Thomasine
282,Devinne
283,Louie
284,Marijo
285,Caralie
286,Alanson
287,Adeline
288,Tiffanie
289,Gale
290,Lucie
291,Gannon
292,Ellie
293,Melisandra
294,Stanfield
295,Horatia
296,Alfonse
297,Quinlan
298,Jareb
299,Bernadette
300,Verile
301,Allistir
302,Lethia
303,Isabella
304,Cathi
305,Hermia
306,Abbey
307,Rasla
308,Charlie
309,Wynn
310,Rosalinda
311,Shirlene
312,Geordie
313,Del
314,Dedie
315,Genovera
316,Tobey
317,Gerri
318,Nahum
319,Gavrielle
320,Tabbie
321,Isador
322,Jenifer
323,Calv
324,Edgardo
325,Carlen
326,Ferd
327,Emogene
328,Bryon
329,Napoleon
330,Susi
331,Thorndike
332,Rees
333,Lanette
334,Gerhardt
335,Jdavie
336,Cissiee
337,Blisse
338,Chad
339,Blinny
340,Enoch
341,Lidia
342,Kevina
343,Hillel
344,Barnabas
345,Jocko
346,Derrick
347,Kipper
348,Haleigh
349,Alonso
350,Bibbie
351,Mano
352,Putnem
353,Sharona
354,Rosabel
355,Camile
356,Pietra
357,Marleah
358,Cally
359,Coreen
360,Abel
361,Shanan
362,Paola
363,Doreen
364,Burnaby
365,Dimitri
366,Rafe
367,Brandie
368,Arther
369,Wiatt
370,Ester
371,Sadye
372,Lucien
373,Angelina
374,Minette
375,Gardner
376,Maggee
377,Cele
378,Israel
379,Tedd
380,Junina
381,Cecil
382,Leandra
383,Sandye
384,Bartlett
385,Cully
386,Cassey
387,Rollie
388,Ogdon
389,Agretha
390,Noni
391,Corinne
392,Beulah
393,Catharina
394,Rodie
395,Gael
396,Nels
397,Pattie
398,Kelley
399,Derward
400,Zachery
401,Salmon
402,Catharina
403,Rakel
404,Josie
405,Lamont
406,Hesther
407,Angelique
408,Anastasia
409,Spencer
410,Gisela
411,Matty
412,Augustin
413,Dynah
414,Sheelagh
415,Eudora
416,Sophie
417,Gawen
418,Elaine
419,Timi
420,Cristionna
421,Evangelin
422,Mia
423,Ase
424,Erl
425,Darius
426,Inness
427,Thorstein
428,Sherline
429,Caren
430,Conny
431,Hadrian
432,Ivy
433,Lucia
434,Thekla
435,Maddie
436,Valentine
437,Maren
438,Charlene
439,Laraine
440,Rory
441,Filip
442,Ketty
443,Kayne
444,Minnnie
445,Francine
446,Kristyn
447,Clint
448,Winnie
449,Yevette
450,Bevon
451,Arte
452,Antin
453,Emilio
454,Nickolai
455,Ebonee
456,Caritta
457,Freddi
458,Salomi
459,Barthel
460,Cosme
461,Riki
462,Clemence
463,Fons
464,Rollo
465,Charlotte
466,Cristine
467,Minetta
468,Isaac
469,Alessandro
470,Robenia
471,Ilene
472,Reta
473,Alwyn
474,Beatriz
475,Sascha
476,Jordana
477,Hertha
478,Giusto
479,Rennie
480,Odey
481,Gerik
482,Anissa
483,Braden
484,Reade
485,Freeman
486,Loralyn
487,Merilee
488,Deidre
489,Joseito
490,Darnall
491,Syman
492,Marrissa
493,Ynez
494,Dodi
495,Lenora
496,Imelda
497,Alister
498,Hodge
499,Sidonia
500,Syman
501,Collette
502,Samaria
503,Sayer
504,Paulie
505,Etty
506,Lucinda
507,Ortensia
508,Lotte
509,Jamaal
510,Murdock
511,Alphard
512,Dorey
513,Nydia
514,Gerrie
515,Dot
516,Noach
517,Micheil
518,Jacintha
519,Gennifer
520,Annis
521,Rita
522,Caryl
523,Leopold
524,Davy
525,Gregoire
526,Bunni
527,Anestassia
528,Tanitansy
529,Daisi
530,Jaymie
531,Florence
532,Marve
533,Tisha
534,Georg
535,Meir
536,Vivia
537,Meara
538,Belita
539,Meier
540,Berky
541,Bourke
542,Pincas
543,Avigdor
544,Cale
545,Spence
546,Vic
547,Willard
548,Mitchell
549,Ignatius
550,Bogey
551,Bertrand
552,Pierce
553,Evie
554,Fifine
555,Saraann
556,Nowell
557,Ava
558,Andi
559,Lila
560,Niko
561,Astrix
562,Thorstein
563,Deeanne
564,Kyla
565,Philbert
566,Kris
567,Wang
568,Vi
569,Durand
570,Ferrell
571,Winifield
572,Locke
573,Mercedes
574,Roldan
575,Trever
576,Nat
577,Rockwell
578,Bibbye
579,Mitchell
580,Gracia
581,Lilias
582,Saudra
583,Gwyn
584,Erhart
585,Gawen
586,Vinni
587,Amalea
588,Carola
589,Reine
590,Marta
591,Korry
592,Kati
593,Ivonne
594,Birk
595,Gerianne
596,Ellie
597,Aldis
598,Salli
599,Lucky
600,Marigold
601,Grant
602,Zeke
603,Francesca
604,Chaim
605,Jorie
606,Deonne
607,Gerhard
608,Mandel
609,Gar
610,Daisy
611,Almeta
612,Bail
613,Micah
614,Mitch
615,Nealson
616,Iosep
617,Matthus
618,Nickola
619,Lewie
620,Giselbert
621,Gamaliel
622,Chance
623,Frankie
624,Lorne
625,Carlynn
626,Jermaine
627,Zena
628,Dyan
629,Riccardo
630,Marcel
631,Sheffield
632,Martin
633,Harrison
634,Holmes
635,Daile
636,Pen
637,Joshua
638,Tiffie
639,Danell
640,Erl
641,Latisha
642,Ced
643,Ravid
644,Haleigh
645,Wiley
646,Jolene
647,Charmine
648,Miran
649,Ilka
650,Lotta
651,Annalise
652,Joycelin
653,George
654,Randi
655,Ludwig
656,Lin
657,Cristal
658,Aluino
659,Kristine
660,Tamera
661,Leslie
662,Ulrikaumeko
663,Ruggiero
664,Catrina
665,Tisha
666,Klarika
667,Kimbra
668,Otto
669,Chic
670,Cornie
671,Dov
672,Teador
673,Joshuah
674,Andris
675,Felisha
676,Colin
677,Auria
678,Waylon
679,Bondie
680,Marianna
681,Roxana
682,Delphine
683,Kalil
684,Lionello
685,Johnathan
686,Barney
687,Donall
688,Lucais
689,Elyssa
690,Charmion
691,Darryl
692,Leora
693,Clark
694,Marchall
695,Lianna
696,Eugene
697,Gardner
698,Corabella
699,Knox
700,Garey
701,Kessiah
702,Devora
703,Bjorn
704,Lorelle
705,Blanca
706,Eba
707,Teddy
708,Delaney
709,Sauncho
710,Jessamine
711,Nonnah
712,Stewart
713,Tulley
714,Currie
715,Tamera
716,Andre
717,Jobyna
718,Pavel
719,Gustavus
720,Iosep
721,Emmie
722,Peri
723,Luce
724,Fey
725,Angelika
726,Madonna
727,Charlton
728,Simmonds
729,Elinore
730,Dagmar
731,Inglis
732,Constancia
733,Rahal
734,Erin
735,Junie
736,Dionis
737,Magdaia
738,Ignatius
739,Silvio
740,Odelia
741,Holly
742,Crosby
743,Marys
744,Meaghan
745,Issi
746,Kristos
747,Daven
748,Ax
749,Amalle
750,Gilda
751,Anet
752,Dixie
753,Benton
754,Neddie
755,Robers
756,Glenine
757,Gerhardine
758,Elie
759,Lissy
760,Leontine
761,Patty
762,Cherey
763,Doll
764,Witty
765,Hyman
766,Tabbatha
767,Patin
768,Blanch
769,Randee
770,Gibb
771,Jesse
772,Skyler
773,Lombard
774,Nonnah
775,Gilda
776,Raimundo
777,Willette
778,Larissa
779,Rriocard
780,Verla
781,Melony
782,Lemar
783,Vince
784,Abel
785,Garland
786,Harriet
787,Essie
788,Camella
789,Tomasine
790,Erminie
791,Cristy
792,Hilda
793,Charmion
794,Nikolaus
795,Myrvyn
796,Sisely
797,Lauryn
798,Alys
799,Ritchie
800,Lynette
801,Nils
802,Martainn
803,Nola
804,Lily
805,Maighdiln
806,Raoul
807,Calypso
808,Tibold
809,Nonnah
810,Raye
811,Rickey
812,Anatola
813,Augustina
814,Katine
815,Lissy
816,Edythe
817,Godfry
818,Travus
819,Nevin
820,Rosemary
821,Rosemary
822,Olva
823,Bill
824,Guenna
825,Stern
826,Connor
827,Cassandry
828,Dav
829,Garvy
830,Ariella
831,Vern
832,Jasmine
833,Judith
834,Adolf
835,Riccardo
836,Lyn
837,Guillermo
838,Zeke
839,Hobey
840,Mano
841,Merla
842,Buffy
843,Tadeas
844,Martie
845,Brok
846,Stephie
847,Ervin
848,Broderic
849,Patsy
850,Claudelle
851,Thomasa
852,Sharlene
853,Derby
854,Charlot
855,Cam
856,Saunder
857,Gwenore
858,Abramo
859,Carolan
860,Faye
861,Lebbie
862,Sandi
863,Langston
864,Gunther
865,Hestia
866,Donnie
867,Yorgo
868,Kelcy
869,Sybille
870,Zola
871,Sergeant
872,Joane
873,Astra
874,Colby
875,Lilian
876,Travers
877,Ciro
878,Marco
879,Larry
880,Joanie
881,Belva
882,Yorke
883,Price
884,Shelby
885,Sherwynd
886,Zebulen
887,Caro
888,Charita
889,Demetra
890,Kiel
891,Annice
892,Angus
893,Josee
894,Cherise
895,Emelia
896,Gerda
897,Frannie
898,Kelcey
899,Britteny
900,Ly
901,Janeczka
902,Perle
903,Tiphany
904,Issi
905,Suzy
906,Fara
907,Jayne
908,Pat
909,Roberta
910,Brunhilde
911,Ebony
912,Hasheem
913,Chaim
914,Carrissa
915,Franky
916,Ettie
917,Maddi
918,Merilee
919,Angelina
920,Maximilien
921,Kissie
922,Nerti
923,Vaughan
924,Thomas
925,Euphemia
926,Nickie
927,Irv
928,Maitilde
929,Grannie
930,Gray
931,Willie
932,Bax
933,Silvio
934,Joya
935,Brannon
936,Isadora
937,Michal
938,Hephzibah
939,Auberta
940,Rudolph
941,Isabelita
942,Elmira
943,Niall
944,Corie
945,Jeramie
946,Chen
947,Alix
948,Stacia
949,Corbett
950,Minni
951,Rutter
952,Ilario
953,Walther
954,Susana
955,Kingsley
956,Eulalie
957,Harrietta
958,Locke
959,Lief
960,Jordan
961,Mariejeanne
962,Janetta
963,Alberta
964,Shelley
965,Garald
966,Charlie
967,Elenore
968,Toddie
969,Dani
970,Dun
971,Ophelie
972,Padraic
973,Theo
974,Jacqui
975,Mallory
976,Dalia
977,Quill
978,Frederick
979,Chuck
980,Mortie
981,Alidia
982,Calli
983,Devi
984,Gavan
985,Brett
986,Jennette
987,Betti
988,Annecorinne
989,Hinda
990,Daniela
991,Johan
992,Tynan
993,Sloan
994,Jacintha
995,Candace
996,Edwin
997,Violante
998,Barron
999,Gladys
1000,Carrol
